,ASHG.TA,BEZQ.TA,ENOG.TA,ESLT.TA,ICL.TA,KEN.TA,LUMI.TA,TSEM.TA
Expected Returns,0.1034544445077577,0.0376178027902024,0.0726423043889347,-0.00575787405205244,0.0372212784739013,0.1063604803896387,0.0290313234733548,0.1332312797281146
