,ASHG.TA,BEZQ.TA,ENOG.TA,ESLT.TA
Expected Returns,0.1034544445077577,0.0166987550060658,0.0707476741462947,0.07315434586445585
