,ASHG.TA,BEZQ.TA,ENOG.TA,ESLT.TA,ICL.TA,KEN.TA,LUMI.TA,TSEM.TA
Expected Returns,0.1034544445077577,0.0166987550060658,0.1493356257677078,-0.0240500188007337,0.0372212784739013,0.1063604803896387,0.0290313234733548,0.24535060567480244
