,ASHG.TA,BEZQ.TA,ENOG.TA
Expected Returns,0.1034544445077577,0.0166987550060658,0.07074767414629478
