,ASHG.TA,BEZQ.TA,ENOG.TA,ESLT.TA,ICL.TA,KEN.TA
Expected Returns,0.1034544445077577,0.0166987550060658,0.0707476741462947,0.0731543458644558,0.0759126046726034,0.10636048038963873
