,ASHG.TA,BEZQ.TA,ENOG.TA,ESLT.TA,ICL.TA
Expected Returns,0.1034544445077577,0.0166987550060658,0.0707476741462947,0.0731543458644558,0.07591260467260345
